last name,first name,middle initial,name suffix,student id number,new applicant,civil status,birhtdate,birthplace,gender,nationality,street number,street name,city,province,region,alternate address,mobile number,landline,email,degree,course,year,school,expected graduation,dost?,scholar?,IT BPO?
Pierce,Briar,V,II,44059009,No,Single,08/07/83,Filinvest,M,Chinese,697,Donec,Binangonan,Quezon,XI,elit sed consequat,3398681111168,2295191,cursus.Nunc@velmaurisInteger.com,BS,CS,4,BatStateU-Main 2,2017,Yes,Yes,Yes
George,Bert,W,Jr.,76628711,No,Separated,02/10/83,Mandalyong,M,Korean,1140,Proin,Cebu,Quezon,IX,tortor. Nunc commodo,5114714718889,4190992,vitae.purus@antelectus.edu,AB,Marketing,4,LSPU-Cavite City,2015,No,No,Yes
Richmond,Adam,U,Sr.,11825095,Yes,Married,10/04/83,Antipolo,M,Korean,2576,ante blandit viverra.,Cebu,Quezon,XIV,lorem,4100239441264,9468273,ipsum.primis@mauris.net,BS,CoE,3,NORSU-Bais,2018,No,No,No
Becker,Mercedes,U,III,63715739,Yes,Married,02/23/80,Filinvest,M,Filipino,1236,scelerisque,Quezon City,Quezon, VIII,ut,9938054630067,8485980,ac.mattis.ornare@nisi.ca,AB,Management,4,CHMSC,2016,No,Yes,Yes
Vargas,Nyssa,E,Sr.,65081034,Yes,Separated,09/29/83,Malabon,F,American,2927,neque. Nullam nisl.,Davao,Quezon,X,"auctor non,",4508870405610,5361819,sollicitudin@nislQuisquefringilla.com,AB,CS,4,LSPU-Trece Martires,2016,Yes,Yes,No
Gould,Jocelyn,V,III,16771105,Yes,Separated,12/16/80,Quezon City,M,American,4736,in sodales elit,Taytay,Quezon,XIII,dapibus,6069239255506,1904874,neque.In@nibhenim.edu,AB,Marketing,4,NORSU-Siaton,2015,No,No,No
Logan,Eric,I,II,56280394,Yes,Separated,02/09/82,Mandalyong,F,Korean,4240,sagittis. Nullam vitae,Cainta,Quezon,NCR,quam. Curabitur,3955955644138,7838764,arcu.Curabitur.ut@imperdiet.edu,AB,ECE,4,LSPU-Siniloan,2018,No,Yes,Yes
Schultz,Shad,J,II,11388768,Yes,Separated,07/01/83,Manila,M,Filipino,1415,sed sem egestas,Binangonan,Quezon,NCR,tellus justo,1515445202589,3150048,condimentum@consequatnec.org,AB,ECE,4,BatStateU-Main 2,2018,No,No,Yes
Richards,Trevor,P,II,83614408,No,Separated,11/22/81,Quezon City,M,Chinese,2843,mauris,Taytay,Quezon,III,massa. Vestibulum accumsan,8323697656858,2846552,In.condimentum.Donec@vestibulum.edu,AB,IT,3,CVSU-Indang,2017,No,Yes,No
Joseph,Cain,T,II,26470806,No,Married,05/31/80,Manila,F,American,212,nec ante blandit,Cebu,Quezon,IX,Cras eget,5675393947400,6005951,pede@arcu.org,AB,Marketing,4,STI,2017,No,Yes,No
Best,Chanda,H,Jr.,20574513,Yes,Single,07/27/83,Taytay,M,Filipino,4492,quis,Beijing,Quezon,III,egestas blandit.,7859844489023,2624793,Nunc.mauris.Morbi@sed.org,BS,Management,4,TIP-Manila,2016,No,Yes,No
Miles,Ahmed,Z,III,6810186,Yes,Widowed,05/04/82,Davao,F,American,3902,est. Mauris eu,Cebu,Quezon,XI,Duis gravida.,6253003832418,1570131,sem.vitae@et.org,BS,IT,1,BulSU-Meneses,2018,Yes,No,Yes
Hughes,Boris,M,Jr.,82589223,Yes,Widowed,11/03/81,Malabon,F,American,3705,arcu. Morbi,Malabon,Quezon,XII,lorem ipsum,3661897182464,6147450,id.libero.Donec@blanditmattisCras.ca,AB,CoE,3,APC,2015,No,No,Yes
Witt,Shoshana,Q,III,72840585,No,Married,12/31/83,Binangonan,F,Korean,256,"ornare, elit",Cebu,Quezon,III,"mattis ornare, lectus",4534694378729,2052296,elit.Etiam.laoreet@magna.ca,AB,ECE,3,LSPU-Trece Martires,2016,No,No,Yes
Becker,Stewart,P,Sr.,61763323,Yes,Single,01/11/82,Beijing,F,Filipino,3537,"et, eros. Proin",Davao,Quezon,XIII,"semper erat, in",2552413564641,4827834,lectus.justo@at.co.uk,BS,CS,4,WVCST,2016,No,No,Yes
Goodman,Lynn,F,Sr.,49172732,Yes,Separated,12/15/83,Antipolo,F,Filipino,3133,"eu, ligula.",Caloocan,Quezon,XIV,"sed consequat auctor,",3048762759193,7526153,Nullam.ut.nisi@eu.net,BS,CoE,3,CHMSC,2017,No,Yes,No
Miller,Garrett,D,Jr.,75935046,Yes,Married,03/17/82,Cebu,M,Korean,736,"tellus,",Antipolo,Quezon,I,Aliquam adipiscing,7486174920573,6328823,diam.dictum.sapien@orciluctuset.org,AB,ECE,2,LSPU-Trece Martires,2016,No,No,Yes
Hammond,Jenette,N,III,18512867,No,Married,12/18/83,Quezon City,F,Filipino,4604,Aliquam,Mandalyong,Quezon,III,dolor. Fusce,7415620736777,9094116,nisi.Mauris@Nunc.org,BS,Marketing,1,Arellano University,2015,Yes,Yes,Yes
Cabrera,Callie,L,Sr.,80132221,No,Widowed,07/18/81,Taytay,F,American,4767,dictum,Cebu,Quezon,XII,"enim,",9718979500699,4503907,eros@Donec.edu,BS,CS,4,FEU-EAC,2018,Yes,Yes,No
Turner,Lucy,H,Jr.,14589940,No,Single,05/15/81,Davao,F,American,3640,Mauris,Malabon,Quezon,VI,consequat dolor vitae,1544287838507,4984172,Mauris.vestibulum.neque@mollisnoncursus.ca,AB,CS,3,BulSU-Sarmiento,2016,No,Yes,Yes
Griffith,Brielle,N,Jr.,42298109,Yes,Married,08/03/83,Taytay,M,American,2816,felis,Taytay,Quezon,VII,Quisque tincidunt pede,2821161159779,9926898,porttitor.tellus.non@necluctusfelis.com,BS,IT,4,UP-Diliman,2017,No,No,Yes
Ball,Brynne,C,III,58300169,Yes,Single,05/03/80,Beijing,M,American,4601,Curabitur,Malabon,Quezon,III,quis turpis,1583545504603,6973086,Donec.tincidunt.Donec@consequatpurus.co.uk,BS,CS,3,BulSU-Sarmiento,2016,Yes,No,Yes
Booth,Cheryl,G,Sr.,26083108,Yes,Single,09/06/81,Filinvest,F,American,967,lacus pede sagittis,Caloocan,Quezon,VI,aliquet,8134136981330,4663255,elit.pretium@velitjustonec.ca,AB,IT,1,AdU-NCR,2017,Yes,Yes,No
Walsh,Tarik,S,Jr.,41518545,No,Widowed,01/06/83,Davao,F,Korean,311,nonummy,Beijing,Quezon,XIV,ligula.,1624598096590,2335755,sed.facilisis.vitae@nonlorem.edu,BS,IT,2,BatStateU-Lobo,2017,Yes,No,No
Bass,Kerry,O,III,35199771,No,Single,08/25/83,Cainta,F,Chinese,516,ipsum ac mi,Cainta,Quezon,VII,Praesent eu,6428362739272,4709090,mollis.Duis@Phasellusdolorelit.org,BS,IT,2,AdMU,2018,Yes,No,Yes
Franklin,Melvin,V,Jr.,1836804,No,Separated,06/05/81,Antipolo,M,Chinese,1719,massa,Antipolo,Quezon,XII,magna a neque.,5454053084831,5731148,ipsum.Phasellus.vitae@Maurisvestibulum.net,BS,Marketing,4,LSPU-Los Banos,2016,No,No,No
Roth,Henry,S,II,27686208,No,Separated,03/14/81,Caloocan,M,Korean,4809,at,Malabon,Quezon,V,ante blandit viverra.,1225120698567,7866357,libero.nec@nequeSedeget.com,BS,IT,2,PNU-Main,2018,No,No,Yes
Poole,Yuri,Z,Jr.,42298301,No,Separated,10/26/80,Binangonan,F,Chinese,4270,"non, luctus sit",Manila,Quezon,I,dictum. Proin eget,5881643122062,1137844,dignissim.tempor.arcu@Namnulla.co.uk,AB,Marketing,3,LSPU-Naic,2017,No,No,Yes
Roberson,Keaton,C,Jr.,67812122,No,Single,03/10/84,Filinvest,F,American,2073,nonummy,Caloocan,Quezon,V,"non, vestibulum",4962519121821,9166452,magna.Suspendisse.tristique@metus.co.uk,AB,IT,3,BatStateU-Lipa,2015,No,Yes,No
Byers,Heidi,U,II,13658642,Yes,Single,05/26/84,Mandalyong,M,Filipino,713,"ornare,",Cainta,Quezon,XIII,ligula.,1634586613625,2506798,lectus@faucibusid.edu,BS,Management,1,USEP,2017,No,No,Yes
Valenzuela,Arthur,V,Jr.,48383967,Yes,Widowed,07/03/82,Beijing,M,American,1060,interdum feugiat. Sed,Binangonan,Quezon,III,Nunc sollicitudin commodo,4896866662427,7176225,consequat.lectus@egestas.co.uk,BS,CoE,1,CHMSC,2018,No,Yes,Yes
Butler,Kim,M,Jr.,80572370,No,Single,11/30/84,Caloocan,M,Chinese,940,Donec fringilla.,Filinvest,Quezon,V,"semper egestas,",8109737562946,3401732,faucibus.id@magnaPraesent.ca,AB,CoE,1,BatStateU-Lemery,2015,Yes,No,No
Burks,Ivan,D,Sr.,44128826,Yes,Widowed,01/04/84,Binangonan,M,American,2697,orci,Filinvest,Quezon,VI,Sed,4297038296703,9195506,pellentesque@egestasSedpharetra.org,BS,Management,2,DMMMSU,2018,No,No,No
Castro,Lisandra,D,Jr.,51699601,Yes,Single,10/31/81,Malabon,F,American,4397,egestas,Cebu,Quezon,VII,leo. Vivamus,6784740403760,2898334,Praesent@infelisNulla.edu,BS,ECE,2,CVSU-Imus,2018,No,No,No
Guerra,Julie,S,III,20358802,Yes,Single,03/24/82,Quezon City,F,Filipino,2703,Praesent,Beijing,Quezon,CAR,ridiculus mus. Proin,6839802592527,9666957,Curabitur@Donec.edu,BS,Marketing,4,NORSU-Main,2017,Yes,No,Yes
Castillo,Melissa,N,III,37517759,Yes,Separated,05/17/83,Taytay,F,Korean,4680,"tincidunt, neque vitae",Davao,Quezon,X,lacus pede sagittis,8006052163429,5952133,dignissim.Maecenas@Lorem.net,BS,CS,4,TUP-Taguig,2017,No,Yes,No
Hogan,Simon,R,Sr.,39655432,No,Widowed,12/16/82,Beijing,M,American,3789,egestas,Mandalyong,Quezon,NCR,dignissim tempor,7965721345506,7578359,magnis.dis@cursusin.org,AB,CS,1,BatStateU-Lobo,2015,No,No,Yes
Humphrey,Aubrey,K,II,35579774,No,Married,07/15/82,Beijing,F,Chinese,2984,luctus et ultrices,Filinvest,Quezon,IX,pharetra. Quisque,1239212379325,8319533,Quisque.libero@odiovel.com,AB,Marketing,4,LSPU-Bacoor,2016,No,No,No
Mcgee,Liberty,F,Sr.,29506101,No,Married,09/05/84,Mandalyong,M,Korean,3527,in magna.,Davao,Quezon,V,Quisque ornare,5786260643042,9806973,Ut.sagittis@QuisquevariusNam.ca,AB,Management,1,LSPU-Silang,2015,No,Yes,No
Oneill,Amos,Y,Sr.,25639527,No,Married,04/07/82,Quezon City,M,American,2672,sagittis,Caloocan,Quezon,XI,scelerisque scelerisque,3283527327701,4707032,elit@non.net,BS,Management,4,CVSU-Rosario,2015,No,No,No
Ballard,Kirk,W,III,30931197,Yes,Single,08/04/82,Cainta,M,Korean,2631,nec,Manila,Quezon,II,nibh lacinia,9824146745260,5174800,Quisque@ridiculus.ca,BS,Marketing,2,BulSU-Meneses,2016,No,No,No
Camacho,Griffith,H,II,50422074,Yes,Widowed,05/04/81,Beijing,M,Chinese,536,fringilla,Beijing,Quezon,IX,tempor,5344413206446,3782368,sed.sapien.Nunc@quismassa.edu,AB,ECE,2,RTU,2016,No,Yes,No
Ball,Porter,T,III,70739710,No,Widowed,07/23/84,Malabon,F,Filipino,2787,dui. Cum sociis,Davao,Quezon,XIV,nec ante blandit,6908740167040,3796777,Proin.vel@Aliquamornare.net,BS,Management,4,LSPU-San Pablo,2016,Yes,Yes,No
Singleton,Kalia,C,III,60546362,Yes,Married,03/28/80,Beijing,F,Filipino,947,risus quis,Cebu,Quezon,X,"varius ultrices,",1094919035211,6370451,In.tincidunt.congue@ullamcorperDuiscursus.org,AB,CoE,1,AdU-NCR,2015,No,No,No
Kramer,Ursa,V,Sr.,54098938,Yes,Separated,04/23/80,Cainta,M,Filipino,4222,velit,Malabon,Quezon,VII,Quisque porttitor,5990386614575,4040757,feugiat.nec.diam@etlibero.net,BS,ECE,2,DMMMSU,2016,Yes,Yes,No
Murphy,Amal,P,Sr.,4773516,Yes,Separated,08/23/82,Cainta,F,Filipino,1721,magna,Binangonan,Quezon,NCR,"purus sapien,",8782453407999,4467693,vitae.velit@Cumsociis.com,BS,CS,2,USEP,2016,Yes,No,No
Larson,Tamekah,N,Jr.,14354721,Yes,Widowed,06/30/82,Cebu,M,Chinese,3828,fringilla,Taytay,Quezon,VI,tellus.,1341996430885,3337178,sapien.Aenean.massa@noncursusnon.co.uk,BS,ECE,4,LSPU-Tanza,2016,Yes,Yes,Yes
Schmidt,Lyle,J,II,251349,Yes,Widowed,08/24/83,Filinvest,M,Chinese,2965,scelerisque dui. Suspendisse,Cainta,Quezon,CAR,porttitor interdum.,5168769683688,6423911,lobortis@Aliquam.com,BS,IT,3,NORSU-Siaton,2018,Yes,No,No
Miller,Mona,F,II,30570440,Yes,Separated,04/01/80,Mandalyong,F,American,2580,orci luctus et,Filinvest,Quezon,II,orci.,9323496037628,9612731,elit.a@est.org,AB,Management,1,Our Lady of Fatima,2017,Yes,No,No
Grimes,Sybill,G,III,56312992,No,Widowed,04/01/82,Cebu,M,Filipino,4821,enim. Etiam gravida,Taytay,Quezon,III,nunc ac mattis,1933742039371,3980800,egestas@cubiliaCuraePhasellus.org,BS,ECE,1,RTU,2018,Yes,Yes,No
Mcleod,Nayda,W,II,32739808,No,Widowed,09/29/81,Caloocan,M,American,144,nibh,Beijing,Quezon,VI,libero,2101297394372,4885626,faucibus.Morbi@consequatpurus.com,AB,CoE,4,BulSU-Malolos,2016,Yes,Yes,Yes
Porter,Channing,O,III,89425616,No,Married,11/10/82,Cainta,M,Korean,4402,dolor vitae dolor.,Manila,Quezon,XIV,tempus risus. Donec,2112212899606,4851800,at.lacus@blanditcongue.edu,AB,CoE,2,CVSU-Imus,2016,No,No,Yes
Holt,Zoe,A,III,15032937,No,Married,03/16/84,Manila,F,Korean,3629,amet orci. Ut,Mandalyong,Quezon,IX,nunc sit amet,1098845898173,9467070,mauris.rhoncus.id@rutrumjusto.com,BS,Management,2,FEU-EAC,2016,No,Yes,Yes
Matthews,Leilani,H,III,60412778,Yes,Single,01/12/81,Mandalyong,F,Chinese,4525,erat volutpat.,Quezon City,Quezon,I,sem semper,2017299735918,2003749,mauris@ligulaconsectetuer.edu,BS,CS,4,PNU-Main,2016,Yes,No,Yes
Hewitt,Genevieve,H,II,53725160,Yes,Married,10/07/81,Cebu,F,American,2212,at,Antipolo,Quezon,I,erat,6251318717841,2770009,Duis@elementum.co.uk,AB,Marketing,1,CVSU-Indang,2015,No,Yes,Yes
Barnett,Chantale,A,Jr.,16660615,No,Single,01/01/82,Quezon City,M,Filipino,2486,quis,Filinvest,Quezon,CAR,ligula eu enim.,4512318645138,7368689,hendrerit@neceleifendnon.ca,AB,ECE,1,LSPU-San Pablo,2015,No,No,No
Newman,Chaney,U,III,88476237,No,Married,07/11/82,Cebu,M,Korean,4304,fames ac,Mandalyong,Quezon,XII,pede.,2550283576361,6682262,dolor@porttitor.net,BS,ECE,2,NORSU-Siaton,2016,No,No,No
Lawrence,Lydia,G,II,88933341,No,Married,06/19/82,Davao,F,Korean,3824,velit. Pellentesque,Cebu,Quezon,V,urna convallis,9536876082886,6213562,enim.condimentum.eget@enim.co.uk,AB,CS,1,BulSU-Bustos,2015,Yes,Yes,No
Curtis,Rahim,T,Jr.,53821037,Yes,Single,07/25/84,Filinvest,F,Chinese,2709,mollis. Phasellus libero,Manila,Quezon,VI,"a, scelerisque sed,",2440594408195,2256774,tempus@sempertellusid.net,AB,ECE,4,BulSU-Meneses,2018,No,Yes,Yes
Murray,Austin,H,Sr.,84453948,No,Separated,03/26/82,Caloocan,M,Filipino,1283,erat vel,Manila,Quezon, VIII,aliquam,5288593897130,2992899,quam.dignissim@sagittisplaceratCras.org,AB,CoE,3,LSPU-San Pablo,2018,No,No,No
Burnett,Quinn,C,Jr.,23331949,No,Married,02/02/83,Quezon City,F,Filipino,4936,Etiam,Quezon City,Quezon, VIII,magnis,8341400563251,3607437,et.nunc@InloremDonec.co.uk,BS,ECE,3,AdMU,2017,Yes,No,Yes
Bryant,Rose,N,Sr.,5185305,No,Separated,11/18/80,Mandalyong,F,Chinese,559,lobortis tellus,Cebu,Quezon, VIII,Donec consectetuer mauris,4884869242087,1545494,venenatis.a.magna@purus.edu,BS,CoE,1,NORSU-Bais,2016,No,No,Yes
Rhodes,Berk,R,Jr.,71325097,No,Married,03/20/80,Malabon,M,Filipino,1268,nunc risus varius,Quezon City,Quezon,NCR,enim diam,2940943744499,5021876,sit.amet.dapibus@velit.co.uk,AB,CoE,2,BatStateU-Lemery,2018,No,No,Yes
Jordan,Gail,E,Sr.,18458550,Yes,Married,06/02/83,Antipolo,F,Filipino,4906,"aliquet,",Caloocan,Quezon,VII,blandit.,3771463731769,9076111,taciti.sociosqu.ad@consectetuermauris.net,AB,Marketing,2,LSPU-Tanza,2016,Yes,Yes,No
Gamble,Davis,C,Sr.,10660571,No,Married,06/19/84,Mandalyong,F,Korean,1816,"fermentum risus, at",Cebu,Quezon,I,mollis.,6171360637992,1376299,ante.ipsum@cursusin.ca,BS,Management,4,Don Bosco Manila,2018,No,No,No
Morales,Kylee,K,Jr.,14480400,No,Married,07/18/83,Beijing,M,American,1335,"iaculis enim, sit",Quezon City,Quezon,XIV,mauris,1274292236659,9535849,ut.pharetra@Aeneansed.ca,BS,CS,3,NORSU-Mabinay,2018,No,No,Yes
Mason,Nolan,Y,Sr.,95406407,No,Separated,12/05/83,Cainta,F,Filipino,2903,venenatis,Antipolo,Quezon,IX,Phasellus,6439267155248,2986628,enim.gravida@posuereatvelit.com,BS,ECE,2,BatStateU-San Juan,2016,Yes,No,No
Hopkins,Rafael,Y,III,49908525,Yes,Married,06/13/81,Cainta,F,Chinese,4251,orci. Ut semper,Beijing,Quezon,VII,Curabitur sed,5776815034449,9215009,amet@varius.co.uk,BS,Management,1,DLS-CSB,2016,No,No,Yes
Schultz,Hilda,K,Jr.,61000801,Yes,Married,06/15/80,Caloocan,M,American,4266,Donec nibh. Quisque,Antipolo,Quezon,I,rutrum. Fusce,6761646110564,1522177,ultrices@Nullam.co.uk,BS,IT,2,RTU,2016,No,Yes,Yes
Franks,Vivien,N,III,82784887,No,Married,04/07/80,Cainta,F,American,4330,augue eu,Cebu,Quezon,II,metus.,6236623091623,6962211,at.risus@vitaeeratvel.org,BS,Management,4,LSPU-Sta Cruz,2018,Yes,No,Yes
Kerr,Beau,E,Sr.,61593758,No,Married,03/17/80,Malabon,F,Korean,2622,Curabitur vel lectus.,Binangonan,Quezon,CAR,nunc interdum,9365320418495,7159971,magna@egestas.edu,BS,CoE,2,BulSU-Hagonoy,2018,Yes,No,Yes
Pittman,Giacomo,K,III,40407967,No,Widowed,12/03/84,Antipolo,M,Chinese,3781,tincidunt adipiscing. Mauris,Davao,Quezon,IX,nec,9416424534283,5895218,ante@magna.co.uk,BS,Management,1,UE,2018,No,Yes,Yes
Cannon,April,H,Jr.,68714551,Yes,Widowed,02/03/81,Beijing,F,Filipino,4099,tortor. Integer aliquam,Caloocan,Quezon,II,enim.,5624341426417,8052347,vel.mauris.Integer@Etiambibendum.org,AB,ECE,4,DLSU,2016,Yes,Yes,No
Richards,Kennan,K,III,17716739,No,Single,10/26/80,Quezon City,F,Filipino,2805,egestas blandit. Nam,Davao,Quezon,I,mollis,5085662158206,9548298,suscipit.nonummy.Fusce@conguea.ca,AB,Management,2,FEU-Main,2018,Yes,No,No
Franklin,Jerome,T,II,89889373,Yes,Separated,10/01/81,Mandalyong,M,Filipino,4619,"nulla ante, iaculis",Taytay,Quezon,XIII,Vivamus rhoncus. Donec,7269329679198,3253573,a@lectusjusto.edu,BS,IT,4,UST,2016,Yes,Yes,No
Bowen,Reece,M,II,72275296,No,Married,08/22/81,Filinvest,F,Korean,4294,in felis. Nulla,Quezon City,Quezon,III,enim,3164903025608,4722387,vel.sapien.imperdiet@ipsum.edu,AB,Management,3,BatStateU-Rosario,2017,Yes,Yes,Yes
Oneill,Claudia,X,Sr.,2790580,No,Separated,09/29/83,Filinvest,F,Filipino,2346,Phasellus ornare. Fusce,Binangonan,Quezon,II,"augue, eu",1727421320974,1474269,varius@nostra.ca,BS,Marketing,1,TIP-Manila,2018,No,No,No
Chan,Quamar,Q,Jr.,5303019,Yes,Single,02/21/81,Cainta,F,Korean,1638,Mauris,Quezon City,Quezon,IX,non,7861202214844,5889885,elit.pharetra.ut@vestibulummassa.edu,AB,IT,3,BatStateU-Malvar,2017,No,No,No
Travis,Deborah,S,II,97421346,Yes,Single,06/28/84,Mandalyong,M,Korean,1658,varius,Mandalyong,Quezon,XII,"amet, risus. Donec",1555428607389,7670889,arcu@rhoncusidmollis.com,AB,Management,1,BatStateU-Main 2,2016,Yes,No,No
Cole,Kelly,H,Jr.,67893531,Yes,Married,01/26/85,Binangonan,F,American,3495,Mauris eu turpis.,Caloocan,Quezon,XI,magna et,9699110115412,7193206,justo@quisurnaNunc.edu,AB,Marketing,2,NORSU-Mabinay,2016,Yes,No,Yes
Carter,Vanna,F,Jr.,61712273,No,Single,02/12/80,Caloocan,F,American,713,aliquet. Phasellus fermentum,Cebu,Quezon,III,Donec feugiat metus,2014832585584,2579415,magna.Sed.eu@felis.com,BS,IT,2,TUP-Taguig,2017,Yes,No,Yes
James,Laura,R,Sr.,99186102,Yes,Widowed,11/25/82,Cainta,F,Chinese,1609,Ut tincidunt,Caloocan,Quezon,III,"faucibus ut, nulla.",5662455796729,1925347,enim.Nunc@facilisis.co.uk,AB,IT,4,BatStateU-Lobo,2017,Yes,Yes,No
Mitchell,Urielle,L,Sr.,97450418,No,Widowed,09/04/82,Mandalyong,F,Chinese,2012,aliquet,Taytay,Quezon,NCR,arcu. Sed et,1273032792843,8235034,Proin@sapienNunc.edu,BS,ECE,1,CVSU-Indang,2016,No,Yes,No
Bowen,Aiko,B,II,88116231,No,Married,01/19/84,Davao,M,American,2335,eu tellus. Phasellus,Manila,Quezon,XI,enim. Mauris quis,8924474254716,5456918,montes@posuerecubilia.net,AB,CoE,2,TIP-QC,2015,No,No,Yes
Berg,Samantha,Y,II,71014036,No,Married,04/04/83,Cebu,F,Chinese,1045,"sodales at, velit.",Caloocan,Quezon,VII,Donec nibh. Quisque,6348854901734,8771410,vehicula.risus.Nulla@dictumProin.org,AB,IT,4,CVSU-Indang,2017,No,Yes,Yes
Atkins,Emmanuel,T,III,27319447,No,Single,07/24/82,Mandalyong,F,American,4313,lobortis mauris.,Quezon City,Quezon,XIII,Maecenas mi,5320530037861,7072575,eu.lacus@lobortisClassaptent.com,BS,Marketing,3,AdMU,2016,Yes,Yes,Yes
Weeks,Grace,G,II,38132099,Yes,Separated,05/12/83,Cebu,M,Filipino,849,"dictum mi,",Filinvest,Quezon,XIV,neque vitae semper,9074936168268,9216618,justo@accumsansedfacilisis.edu,AB,ECE,1,AdMU,2016,Yes,Yes,No
Coffey,Oliver,Z,II,56231736,No,Married,07/12/84,Caloocan,M,Korean,349,"tristique ac, eleifend",Cainta,Quezon,I,inceptos hymenaeos. Mauris,2409365565981,2816939,velit@Nulla.ca,AB,Management,2,NORSU-Siaton,2016,Yes,No,No
Gill,Tucker,H,II,51031934,Yes,Single,12/16/84,Antipolo,F,American,703,"vitae,",Cainta,Quezon,CAR,metus.,1808821959886,9488986,ac.ipsum.Phasellus@aarcu.net,AB,CS,2,FEU-EAC,2018,Yes,Yes,No
Smith,Rogan,M,II,99419062,Yes,Separated,10/02/84,Binangonan,M,Chinese,4298,"dui,",Beijing,Quezon,VII,blandit enim consequat,6076148244552,2226248,non@Fuscealiquam.org,BS,CoE,2,AdMU,2018,Yes,No,Yes
Mckinney,Ignacia,W,III,17255373,No,Married,03/27/81,Cainta,F,Korean,2663,est. Nunc,Binangonan,Quezon,IX,"id, blandit",5754192793276,7369267,Sed.et@atvelit.ca,AB,Management,1,MIT-Main,2017,No,Yes,Yes
Farmer,Alvin,D,III,75013098,Yes,Widowed,10/10/83,Taytay,M,Chinese,4132,lobortis,Cebu,Quezon,III,luctus.,2716284327208,2964358,interdum.ligula.eu@mattisInteger.org,BS,Marketing,4,LSPU-Silang,2018,Yes,Yes,Yes
Trevino,Hyacinth,R,Sr.,86941276,Yes,Married,01/21/81,Cainta,M,Korean,388,mi,Binangonan,Quezon, VIII,Pellentesque,9106277843471,5721256,ultrices.a@vulputatenisi.com,BS,ECE,3,DMMMSU,2018,Yes,Yes,Yes
Merrill,Kessie,X,Jr.,76628802,No,Widowed,08/04/82,Quezon City,F,American,2099,"gravida non,",Quezon City,Quezon,VII,ut aliquam,1276598010212,5606376,volutpat@enimNunc.co.uk,AB,Marketing,1,TUP-Taguig,2017,No,Yes,No
Odonnell,Brittany,K,Sr.,86586805,Yes,Widowed,08/16/83,Manila,F,Filipino,4334,"pede,",Caloocan,Quezon,VI,quam quis diam.,1560356428846,9210714,mauris.sagittis.placerat@maurissagittis.co.uk,AB,CS,2,BulSU-Malolos,2018,No,Yes,Yes
Gordon,Daquan,T,Sr.,97912759,No,Widowed,07/08/83,Malabon,M,American,3758,est tempor,Filinvest,Quezon,VII,amet,7329121201764,2265792,eu@magnaPhasellusdolor.org,BS,ECE,4,LSPU-Cavite City,2015,No,Yes,No
Howell,Alden,M,Jr.,40963555,Yes,Separated,09/17/81,Binangonan,F,Filipino,2854,"aliquam, enim nec",Antipolo,Quezon,XI,ac mattis,3283102222718,3393526,vulputate.lacus@sitametdapibus.edu,BS,CS,3,LSPU-San Pablo,2017,Yes,No,Yes
Estes,Kane,P,III,756908,Yes,Separated,11/18/83,Malabon,M,Chinese,1378,eu nibh vulputate,Malabon,Quezon,NCR,leo.,6205014959909,6150516,molestie@natoquepenatibuset.net,BS,Marketing,4,BatStateU-San Juan,2017,No,No,No
Kirkland,Vernon,Z,Sr.,1554755,No,Separated,04/05/81,Manila,M,American,4909,magna,Davao,Quezon,IX,elit. Curabitur,4329570998437,6406694,ac@eleifend.org,AB,IT,4,UP-Diliman,2015,Yes,Yes,Yes
Santiago,Elaine,Z,Sr.,45569900,Yes,Married,04/08/81,Mandalyong,M,Korean,408,lectus.,Cebu,Quezon,II,nisl. Nulla,1573042623698,4906498,malesuada@per.edu,BS,IT,2,Arellano University,2015,Yes,No,No